Method,Job,AnalyzeLaunchVariance,EvaluateOverhead,MaxAbsoluteError,MaxRelativeError,MinInvokeCount,MinIterationTime,OutlierMode,Affinity,EnvironmentVariables,Jit,LargeAddressAware,Platform,PowerPlanMode,Runtime,AllowVeryLargeObjects,Concurrent,CpuGroups,Force,HeapAffinitizeMask,HeapCount,NoAffinitize,RetainVm,Server,Arguments,BuildConfiguration,Clock,EngineFactory,NuGetReferences,Toolchain,IsMutator,InvocationCount,IterationCount,IterationTime,LaunchCount,MaxIterationCount,MaxWarmupIterationCount,MemoryRandomization,MinIterationCount,MinWarmupIterationCount,RunStrategy,UnrollFactor,WarmupCount,RecordCount,ThreadCount,Mean,Error,StdDev,Median,Gen0,Gen1,Gen2,Allocated
SingleInsert,Job-PRCREG,False,Default,Default,Default,Default,Default,Default,111111111111111111111111,Empty,RyuJit,Default,X64,8c5e7fda-e8bf-4a96-9a85-a6e23a8c635c,.NET Framework 4.8.1,False,True,False,True,Default,Default,False,False,False,Default,Default,Default,Default,Default,Default,Default,Default,10,Default,Default,Default,Default,Default,Default,Default,Default,16,3,100,1,"14,301,469.44 ns","6,560,417.294 ns","3,903,999.101 ns","13,553,940.63 ns",-,-,-,64256 B
BatchInsert,Job-PRCREG,False,Default,Default,Default,Default,Default,Default,111111111111111111111111,Empty,RyuJit,Default,X64,8c5e7fda-e8bf-4a96-9a85-a6e23a8c635c,.NET Framework 4.8.1,False,True,False,True,Default,Default,False,False,False,Default,Default,Default,Default,Default,Default,Default,Default,10,Default,Default,Default,Default,Default,Default,Default,Default,16,3,100,1,"19,533,791.80 ns","12,899,329.640 ns","6,746,598.822 ns","17,501,689.06 ns",31.2500,-,-,301570 B
SingleSelect,Job-PRCREG,False,Default,Default,Default,Default,Default,Default,111111111111111111111111,Empty,RyuJit,Default,X64,8c5e7fda-e8bf-4a96-9a85-a6e23a8c635c,.NET Framework 4.8.1,False,True,False,True,Default,Default,False,False,False,Default,Default,Default,Default,Default,Default,Default,Default,10,Default,Default,Default,Default,Default,Default,Default,Default,16,3,100,1,"2,602,701.61 ns","608,141.975 ns","318,070.012 ns","2,552,156.84 ns",7.8125,-,-,58978 B
SelectAll,Job-PRCREG,False,Default,Default,Default,Default,Default,Default,111111111111111111111111,Empty,RyuJit,Default,X64,8c5e7fda-e8bf-4a96-9a85-a6e23a8c635c,.NET Framework 4.8.1,False,True,False,True,Default,Default,False,False,False,Default,Default,Default,Default,Default,Default,Default,Default,10,Default,Default,Default,Default,Default,Default,Default,Default,16,3,100,1,"2,020,642.87 ns","180,127.167 ns","119,142.968 ns","2,052,566.50 ns",39.0625,1.9531,-,254755 B
SelectWithFilter,Job-PRCREG,False,Default,Default,Default,Default,Default,Default,111111111111111111111111,Empty,RyuJit,Default,X64,8c5e7fda-e8bf-4a96-9a85-a6e23a8c635c,.NET Framework 4.8.1,False,True,False,True,Default,Default,False,False,False,Default,Default,Default,Default,Default,Default,Default,Default,10,Default,Default,Default,Default,Default,Default,Default,Default,16,3,100,1,"2,290,117.11 ns","137,783.214 ns","91,135.065 ns","2,303,066.99 ns",41.0156,5.8594,-,262180 B
SingleUpdate,Job-PRCREG,False,Default,Default,Default,Default,Default,Default,111111111111111111111111,Empty,RyuJit,Default,X64,8c5e7fda-e8bf-4a96-9a85-a6e23a8c635c,.NET Framework 4.8.1,False,True,False,True,Default,Default,False,False,False,Default,Default,Default,Default,Default,Default,Default,Default,10,Default,Default,Default,Default,Default,Default,Default,Default,16,3,100,1,"18,356,646.35 ns","8,199,766.098 ns","4,879,549.279 ns","17,809,351.56 ns",31.2500,-,-,257905 B
SingleDelete,Job-PRCREG,False,Default,Default,Default,Default,Default,Default,111111111111111111111111,Empty,RyuJit,Default,X64,8c5e7fda-e8bf-4a96-9a85-a6e23a8c635c,.NET Framework 4.8.1,False,True,False,True,Default,Default,False,False,False,Default,Default,Default,Default,Default,Default,Default,Default,10,Default,Default,Default,Default,Default,Default,Default,Default,16,3,100,1,13.30 ns,1.294 ns,0.770 ns,13.51 ns,0.0064,-,-,40 B
CountAll,Job-PRCREG,False,Default,Default,Default,Default,Default,Default,111111111111111111111111,Empty,RyuJit,Default,X64,8c5e7fda-e8bf-4a96-9a85-a6e23a8c635c,.NET Framework 4.8.1,False,True,False,True,Default,Default,False,False,False,Default,Default,Default,Default,Default,Default,Default,Default,10,Default,Default,Default,Default,Default,Default,Default,Default,16,3,100,1,"1,796,766.49 ns","278,865.161 ns","165,948.184 ns","1,727,058.98 ns",7.8125,-,-,60436 B
TransactionBatchInsert,Job-PRCREG,False,Default,Default,Default,Default,Default,Default,111111111111111111111111,Empty,RyuJit,Default,X64,8c5e7fda-e8bf-4a96-9a85-a6e23a8c635c,.NET Framework 4.8.1,False,True,False,True,Default,Default,False,False,False,Default,Default,Default,Default,Default,Default,Default,Default,10,Default,Default,Default,Default,Default,Default,Default,Default,16,3,100,1,"13,768,705.56 ns","7,320,513.566 ns","4,356,320.200 ns","11,547,728.13 ns",-,-,-,109568 B
ConcurrentReads,Job-PRCREG,False,Default,Default,Default,Default,Default,Default,111111111111111111111111,Empty,RyuJit,Default,X64,8c5e7fda-e8bf-4a96-9a85-a6e23a8c635c,.NET Framework 4.8.1,False,True,False,True,Default,Default,False,False,False,Default,Default,Default,Default,Default,Default,Default,Default,10,Default,Default,Default,Default,Default,Default,Default,Default,16,3,100,1,"18,664,296.09 ns","1,937,235.658 ns","1,013,211.707 ns","18,787,448.44 ns",375.0000,31.2500,-,2417170 B
ConcurrentWrites,Job-PRCREG,False,Default,Default,Default,Default,Default,Default,111111111111111111111111,Empty,RyuJit,Default,X64,8c5e7fda-e8bf-4a96-9a85-a6e23a8c635c,.NET Framework 4.8.1,False,True,False,True,Default,Default,False,False,False,Default,Default,Default,Default,Default,Default,Default,Default,10,Default,Default,Default,Default,Default,Default,Default,Default,16,3,100,1,"56,102,835.56 ns","8,237,758.398 ns","4,902,157.887 ns","56,187,240.00 ns",-,-,-,249037 B
ComplexQuery,Job-PRCREG,False,Default,Default,Default,Default,Default,Default,111111111111111111111111,Empty,RyuJit,Default,X64,8c5e7fda-e8bf-4a96-9a85-a6e23a8c635c,.NET Framework 4.8.1,False,True,False,True,Default,Default,False,False,False,Default,Default,Default,Default,Default,Default,Default,Default,10,Default,Default,Default,Default,Default,Default,Default,Default,16,3,100,1,"1,761,247.41 ns","274,677.986 ns","143,661.898 ns","1,792,415.92 ns",7.8125,-,-,55171 B
SingleInsert,Job-PRCREG,False,Default,Default,Default,Default,Default,Default,111111111111111111111111,Empty,RyuJit,Default,X64,8c5e7fda-e8bf-4a96-9a85-a6e23a8c635c,.NET Framework 4.8.1,False,True,False,True,Default,Default,False,False,False,Default,Default,Default,Default,Default,Default,Default,Default,10,Default,Default,Default,Default,Default,Default,Default,Default,16,3,100,4,"15,433,900.94 ns","8,512,546.015 ns","5,630,522.125 ns","13,400,281.25 ns",-,-,-,64256 B
BatchInsert,Job-PRCREG,False,Default,Default,Default,Default,Default,Default,111111111111111111111111,Empty,RyuJit,Default,X64,8c5e7fda-e8bf-4a96-9a85-a6e23a8c635c,.NET Framework 4.8.1,False,True,False,True,Default,Default,False,False,False,Default,Default,Default,Default,Default,Default,Default,Default,10,Default,Default,Default,Default,Default,Default,Default,Default,16,3,100,4,"16,454,149.61 ns","6,581,050.086 ns","3,442,016.445 ns","15,760,158.59 ns",46.8750,-,-,301835 B
SingleSelect,Job-PRCREG,False,Default,Default,Default,Default,Default,Default,111111111111111111111111,Empty,RyuJit,Default,X64,8c5e7fda-e8bf-4a96-9a85-a6e23a8c635c,.NET Framework 4.8.1,False,True,False,True,Default,Default,False,False,False,Default,Default,Default,Default,Default,Default,Default,Default,10,Default,Default,Default,Default,Default,Default,Default,Default,16,3,100,4,"1,878,688.43 ns","396,727.345 ns","236,086.080 ns","1,787,066.60 ns",7.8125,-,-,58963 B
SelectAll,Job-PRCREG,False,Default,Default,Default,Default,Default,Default,111111111111111111111111,Empty,RyuJit,Default,X64,8c5e7fda-e8bf-4a96-9a85-a6e23a8c635c,.NET Framework 4.8.1,False,True,False,True,Default,Default,False,False,False,Default,Default,Default,Default,Default,Default,Default,Default,10,Default,Default,Default,Default,Default,Default,Default,Default,16,3,100,4,"1,860,083.94 ns","145,432.537 ns","86,544.570 ns","1,872,883.98 ns",39.0625,3.9063,-,254792 B
SelectWithFilter,Job-PRCREG,False,Default,Default,Default,Default,Default,Default,111111111111111111111111,Empty,RyuJit,Default,X64,8c5e7fda-e8bf-4a96-9a85-a6e23a8c635c,.NET Framework 4.8.1,False,True,False,True,Default,Default,False,False,False,Default,Default,Default,Default,Default,Default,Default,Default,10,Default,Default,Default,Default,Default,Default,Default,Default,16,3,100,4,"2,219,743.97 ns","108,350.239 ns","56,669.270 ns","2,207,900.10 ns",41.0156,5.8594,-,262178 B
SingleUpdate,Job-PRCREG,False,Default,Default,Default,Default,Default,Default,111111111111111111111111,Empty,RyuJit,Default,X64,8c5e7fda-e8bf-4a96-9a85-a6e23a8c635c,.NET Framework 4.8.1,False,True,False,True,Default,Default,False,False,False,Default,Default,Default,Default,Default,Default,Default,Default,10,Default,Default,Default,Default,Default,Default,Default,Default,16,3,100,4,"13,292,978.82 ns","2,082,195.756 ns","1,239,081.295 ns","13,193,690.63 ns",-,-,-,185906 B
SingleDelete,Job-PRCREG,False,Default,Default,Default,Default,Default,Default,111111111111111111111111,Empty,RyuJit,Default,X64,8c5e7fda-e8bf-4a96-9a85-a6e23a8c635c,.NET Framework 4.8.1,False,True,False,True,Default,Default,False,False,False,Default,Default,Default,Default,Default,Default,Default,Default,10,Default,Default,Default,Default,Default,Default,Default,Default,16,3,100,4,47.81 ns,16.822 ns,11.127 ns,48.44 ns,-,-,-,0 B
CountAll,Job-PRCREG,False,Default,Default,Default,Default,Default,Default,111111111111111111111111,Empty,RyuJit,Default,X64,8c5e7fda-e8bf-4a96-9a85-a6e23a8c635c,.NET Framework 4.8.1,False,True,False,True,Default,Default,False,False,False,Default,Default,Default,Default,Default,Default,Default,Default,10,Default,Default,Default,Default,Default,Default,Default,Default,16,3,100,4,"1,764,657.62 ns","391,934.562 ns","204,989.354 ns","1,783,903.03 ns",7.8125,-,-,60436 B
TransactionBatchInsert,Job-PRCREG,False,Default,Default,Default,Default,Default,Default,111111111111111111111111,Empty,RyuJit,Default,X64,8c5e7fda-e8bf-4a96-9a85-a6e23a8c635c,.NET Framework 4.8.1,False,True,False,True,Default,Default,False,False,False,Default,Default,Default,Default,Default,Default,Default,Default,10,Default,Default,Default,Default,Default,Default,Default,Default,16,3,100,4,"16,548,300.20 ns","8,241,554.915 ns","4,310,492.578 ns","16,067,757.81 ns",15.6250,-,-,109441 B
ConcurrentReads,Job-PRCREG,False,Default,Default,Default,Default,Default,Default,111111111111111111111111,Empty,RyuJit,Default,X64,8c5e7fda-e8bf-4a96-9a85-a6e23a8c635c,.NET Framework 4.8.1,False,True,False,True,Default,Default,False,False,False,Default,Default,Default,Default,Default,Default,Default,Default,10,Default,Default,Default,Default,Default,Default,Default,Default,16,3,100,4,"150,327,236.00 ns","35,223,562.641 ns","23,298,205.782 ns","146,219,110.00 ns",1600.0000,200.0000,-,10208758 B
ConcurrentWrites,Job-PRCREG,False,Default,Default,Default,Default,Default,Default,111111111111111111111111,Empty,RyuJit,Default,X64,8c5e7fda-e8bf-4a96-9a85-a6e23a8c635c,.NET Framework 4.8.1,False,True,False,True,Default,Default,False,False,False,Default,Default,Default,Default,Default,Default,Default,Default,10,Default,Default,Default,Default,Default,Default,Default,Default,16,3,100,4,"405,506,475.00 ns","88,878,446.467 ns","58,787,589.333 ns","404,877,475.00 ns",-,-,-,1298432 B
ComplexQuery,Job-PRCREG,False,Default,Default,Default,Default,Default,Default,111111111111111111111111,Empty,RyuJit,Default,X64,8c5e7fda-e8bf-4a96-9a85-a6e23a8c635c,.NET Framework 4.8.1,False,True,False,True,Default,Default,False,False,False,Default,Default,Default,Default,Default,Default,Default,Default,10,Default,Default,Default,Default,Default,Default,Default,Default,16,3,100,4,"1,764,859.35 ns","338,410.681 ns","176,995.330 ns","1,693,504.88 ns",7.8125,-,-,55171 B
SingleInsert,Job-PRCREG,False,Default,Default,Default,Default,Default,Default,111111111111111111111111,Empty,RyuJit,Default,X64,8c5e7fda-e8bf-4a96-9a85-a6e23a8c635c,.NET Framework 4.8.1,False,True,False,True,Default,Default,False,False,False,Default,Default,Default,Default,Default,Default,Default,Default,10,Default,Default,Default,Default,Default,Default,Default,Default,16,3,100,8,"24,223,393.13 ns","12,688,749.592 ns","8,392,822.217 ns","24,030,943.75 ns",-,-,-,64128 B
BatchInsert,Job-PRCREG,False,Default,Default,Default,Default,Default,Default,111111111111111111111111,Empty,RyuJit,Default,X64,8c5e7fda-e8bf-4a96-9a85-a6e23a8c635c,.NET Framework 4.8.1,False,True,False,True,Default,Default,False,False,False,Default,Default,Default,Default,Default,Default,Default,Default,10,Default,Default,Default,Default,Default,Default,Default,Default,16,3,100,8,"24,233,963.13 ns","4,737,311.378 ns","3,133,438.161 ns","24,155,665.63 ns",-,-,-,302080 B
SingleSelect,Job-PRCREG,False,Default,Default,Default,Default,Default,Default,111111111111111111111111,Empty,RyuJit,Default,X64,8c5e7fda-e8bf-4a96-9a85-a6e23a8c635c,.NET Framework 4.8.1,False,True,False,True,Default,Default,False,False,False,Default,Default,Default,Default,Default,Default,Default,Default,10,Default,Default,Default,Default,Default,Default,Default,Default,16,3,100,8,"2,821,567.09 ns","810,588.795 ns","423,953.613 ns","2,719,103.71 ns",7.8125,-,-,58978 B
SelectAll,Job-PRCREG,False,Default,Default,Default,Default,Default,Default,111111111111111111111111,Empty,RyuJit,Default,X64,8c5e7fda-e8bf-4a96-9a85-a6e23a8c635c,.NET Framework 4.8.1,False,True,False,True,Default,Default,False,False,False,Default,Default,Default,Default,Default,Default,Default,Default,10,Default,Default,Default,Default,Default,Default,Default,Default,16,3,100,8,"2,678,835.11 ns","459,493.699 ns","273,437.330 ns","2,787,201.56 ns",39.0625,3.9063,-,254792 B
SelectWithFilter,Job-PRCREG,False,Default,Default,Default,Default,Default,Default,111111111111111111111111,Empty,RyuJit,Default,X64,8c5e7fda-e8bf-4a96-9a85-a6e23a8c635c,.NET Framework 4.8.1,False,True,False,True,Default,Default,False,False,False,Default,Default,Default,Default,Default,Default,Default,Default,10,Default,Default,Default,Default,Default,Default,Default,Default,16,3,100,8,"3,157,375.78 ns","582,895.471 ns","385,549.263 ns","3,211,697.66 ns",39.0625,-,-,262230 B
SingleUpdate,Job-PRCREG,False,Default,Default,Default,Default,Default,Default,111111111111111111111111,Empty,RyuJit,Default,X64,8c5e7fda-e8bf-4a96-9a85-a6e23a8c635c,.NET Framework 4.8.1,False,True,False,True,Default,Default,False,False,False,Default,Default,Default,Default,Default,Default,Default,Default,10,Default,Default,Default,Default,Default,Default,Default,Default,16,3,100,8,"17,858,808.20 ns","6,744,010.609 ns","3,527,247.950 ns","16,836,390.63 ns",-,-,-,185912 B
SingleDelete,Job-PRCREG,False,Default,Default,Default,Default,Default,Default,111111111111111111111111,Empty,RyuJit,Default,X64,8c5e7fda-e8bf-4a96-9a85-a6e23a8c635c,.NET Framework 4.8.1,False,True,False,True,Default,Default,False,False,False,Default,Default,Default,Default,Default,Default,Default,Default,10,Default,Default,Default,Default,Default,Default,Default,Default,16,3,100,8,16.60 ns,1.043 ns,0.690 ns,16.73 ns,0.0064,-,-,40 B
CountAll,Job-PRCREG,False,Default,Default,Default,Default,Default,Default,111111111111111111111111,Empty,RyuJit,Default,X64,8c5e7fda-e8bf-4a96-9a85-a6e23a8c635c,.NET Framework 4.8.1,False,True,False,True,Default,Default,False,False,False,Default,Default,Default,Default,Default,Default,Default,Default,10,Default,Default,Default,Default,Default,Default,Default,Default,16,3,100,8,"2,367,034.03 ns","326,362.595 ns","170,693.948 ns","2,367,267.19 ns",7.8125,-,-,60452 B
TransactionBatchInsert,Job-PRCREG,False,Default,Default,Default,Default,Default,Default,111111111111111111111111,Empty,RyuJit,Default,X64,8c5e7fda-e8bf-4a96-9a85-a6e23a8c635c,.NET Framework 4.8.1,False,True,False,True,Default,Default,False,False,False,Default,Default,Default,Default,Default,Default,Default,Default,10,Default,Default,Default,Default,Default,Default,Default,Default,16,3,100,8,"19,949,372.57 ns","8,045,814.927 ns","4,787,935.407 ns","22,659,587.50 ns",-,-,-,109568 B
ConcurrentReads,Job-PRCREG,False,Default,Default,Default,Default,Default,Default,111111111111111111111111,Empty,RyuJit,Default,X64,8c5e7fda-e8bf-4a96-9a85-a6e23a8c635c,.NET Framework 4.8.1,False,True,False,True,Default,Default,False,False,False,Default,Default,Default,Default,Default,Default,Default,Default,10,Default,Default,Default,Default,Default,Default,Default,Default,16,3,100,8,"180,636,740.74 ns","44,593,251.772 ns","26,536,728.844 ns","175,656,700.00 ns",3000.0000,666.6667,-,20492221 B
ConcurrentWrites,Job-PRCREG,False,Default,Default,Default,Default,Default,Default,111111111111111111111111,Empty,RyuJit,Default,X64,8c5e7fda-e8bf-4a96-9a85-a6e23a8c635c,.NET Framework 4.8.1,False,True,False,True,Default,Default,False,False,False,Default,Default,Default,Default,Default,Default,Default,Default,10,Default,Default,Default,Default,Default,Default,Default,Default,16,3,100,8,"718,389,655.56 ns","359,664,151.414 ns","214,030,367.419 ns","644,339,100.00 ns",-,-,-,2547712 B
ComplexQuery,Job-PRCREG,False,Default,Default,Default,Default,Default,Default,111111111111111111111111,Empty,RyuJit,Default,X64,8c5e7fda-e8bf-4a96-9a85-a6e23a8c635c,.NET Framework 4.8.1,False,True,False,True,Default,Default,False,False,False,Default,Default,Default,Default,Default,Default,Default,Default,10,Default,Default,Default,Default,Default,Default,Default,Default,16,3,100,8,"1,718,087.80 ns","201,449.111 ns","119,879.135 ns","1,678,824.22 ns",7.8125,-,-,55171 B
SingleInsert,Job-PRCREG,False,Default,Default,Default,Default,Default,Default,111111111111111111111111,Empty,RyuJit,Default,X64,8c5e7fda-e8bf-4a96-9a85-a6e23a8c635c,.NET Framework 4.8.1,False,True,False,True,Default,Default,False,False,False,Default,Default,Default,Default,Default,Default,Default,Default,10,Default,Default,Default,Default,Default,Default,Default,Default,16,3,1000,1,"20,682,618.13 ns","13,641,667.330 ns","9,023,118.300 ns","19,956,297.66 ns",-,-,-,64128 B
BatchInsert,Job-PRCREG,False,Default,Default,Default,Default,Default,Default,111111111111111111111111,Empty,RyuJit,Default,X64,8c5e7fda-e8bf-4a96-9a85-a6e23a8c635c,.NET Framework 4.8.1,False,True,False,True,Default,Default,False,False,False,Default,Default,Default,Default,Default,Default,Default,Default,10,Default,Default,Default,Default,Default,Default,Default,Default,16,3,1000,1,"12,649,396.09 ns","1,947,341.324 ns","1,018,497.166 ns","12,382,546.88 ns",-,-,-,302080 B
SingleSelect,Job-PRCREG,False,Default,Default,Default,Default,Default,Default,111111111111111111111111,Empty,RyuJit,Default,X64,8c5e7fda-e8bf-4a96-9a85-a6e23a8c635c,.NET Framework 4.8.1,False,True,False,True,Default,Default,False,False,False,Default,Default,Default,Default,Default,Default,Default,Default,10,Default,Default,Default,Default,Default,Default,Default,Default,16,3,1000,1,"1,537,465.77 ns","370,927.760 ns","194,002.391 ns","1,448,449.51 ns",7.8125,-,-,58978 B
SelectAll,Job-PRCREG,False,Default,Default,Default,Default,Default,Default,111111111111111111111111,Empty,RyuJit,Default,X64,8c5e7fda-e8bf-4a96-9a85-a6e23a8c635c,.NET Framework 4.8.1,False,True,False,True,Default,Default,False,False,False,Default,Default,Default,Default,Default,Default,Default,Default,10,Default,Default,Default,Default,Default,Default,Default,Default,16,3,1000,1,"3,344,820.14 ns","633,794.820 ns","377,161.131 ns","3,312,502.34 ns",324.2188,97.6563,-,2063519 B
SelectWithFilter,Job-PRCREG,False,Default,Default,Default,Default,Default,Default,111111111111111111111111,Empty,RyuJit,Default,X64,8c5e7fda-e8bf-4a96-9a85-a6e23a8c635c,.NET Framework 4.8.1,False,True,False,True,Default,Default,False,False,False,Default,Default,Default,Default,Default,Default,Default,Default,10,Default,Default,Default,Default,Default,Default,Default,Default,16,3,1000,1,"3,440,717.50 ns","232,819.761 ns","153,995.857 ns","3,423,637.89 ns",328.1250,97.6563,-,2072028 B
SingleUpdate,Job-PRCREG,False,Default,Default,Default,Default,Default,Default,111111111111111111111111,Empty,RyuJit,Default,X64,8c5e7fda-e8bf-4a96-9a85-a6e23a8c635c,.NET Framework 4.8.1,False,True,False,True,Default,Default,False,False,False,Default,Default,Default,Default,Default,Default,Default,Default,10,Default,Default,Default,Default,Default,Default,Default,Default,16,3,1000,1,"17,517,474.83 ns","8,497,811.982 ns","5,056,911.604 ns","16,723,326.56 ns",-,-,-,186036 B
SingleDelete,Job-PRCREG,False,Default,Default,Default,Default,Default,Default,111111111111111111111111,Empty,RyuJit,Default,X64,8c5e7fda-e8bf-4a96-9a85-a6e23a8c635c,.NET Framework 4.8.1,False,True,False,True,Default,Default,False,False,False,Default,Default,Default,Default,Default,Default,Default,Default,10,Default,Default,Default,Default,Default,Default,Default,Default,16,3,1000,1,"3,122,190.97 ns","10,639,775.426 ns","6,331,559.692 ns",20.31 ns,-,-,-,0 B
CountAll,Job-PRCREG,False,Default,Default,Default,Default,Default,Default,111111111111111111111111,Empty,RyuJit,Default,X64,8c5e7fda-e8bf-4a96-9a85-a6e23a8c635c,.NET Framework 4.8.1,False,True,False,True,Default,Default,False,False,False,Default,Default,Default,Default,Default,Default,Default,Default,10,Default,Default,Default,Default,Default,Default,Default,Default,16,3,1000,1,"1,863,259.01 ns","1,175,428.245 ns","614,771.700 ns","1,610,171.00 ns",7.8125,-,-,60436 B
TransactionBatchInsert,Job-PRCREG,False,Default,Default,Default,Default,Default,Default,111111111111111111111111,Empty,RyuJit,Default,X64,8c5e7fda-e8bf-4a96-9a85-a6e23a8c635c,.NET Framework 4.8.1,False,True,False,True,Default,Default,False,False,False,Default,Default,Default,Default,Default,Default,Default,Default,10,Default,Default,Default,Default,Default,Default,Default,Default,16,3,1000,1,"15,571,224.31 ns","11,032,977.798 ns","6,565,548.116 ns","13,302,981.25 ns",15.6250,-,-,109448 B
ConcurrentReads,Job-PRCREG,False,Default,Default,Default,Default,Default,Default,111111111111111111111111,Empty,RyuJit,Default,X64,8c5e7fda-e8bf-4a96-9a85-a6e23a8c635c,.NET Framework 4.8.1,False,True,False,True,Default,Default,False,False,False,Default,Default,Default,Default,Default,Default,Default,Default,10,Default,Default,Default,Default,Default,Default,Default,Default,16,3,1000,1,"31,624,556.25 ns","1,912,255.084 ns","1,000,146.384 ns","31,413,725.00 ns",3250.0000,1000.0000,-,20475466 B
ConcurrentWrites,Job-PRCREG,False,Default,Default,Default,Default,Default,Default,111111111111111111111111,Empty,RyuJit,Default,X64,8c5e7fda-e8bf-4a96-9a85-a6e23a8c635c,.NET Framework 4.8.1,False,True,False,True,Default,Default,False,False,False,Default,Default,Default,Default,Default,Default,Default,Default,10,Default,Default,Default,Default,Default,Default,Default,Default,16,3,1000,1,"86,309,950.00 ns","14,742,967.484 ns","9,751,560.164 ns","83,645,425.00 ns",-,-,-,253952 B
ComplexQuery,Job-PRCREG,False,Default,Default,Default,Default,Default,Default,111111111111111111111111,Empty,RyuJit,Default,X64,8c5e7fda-e8bf-4a96-9a85-a6e23a8c635c,.NET Framework 4.8.1,False,True,False,True,Default,Default,False,False,False,Default,Default,Default,Default,Default,Default,Default,Default,10,Default,Default,Default,Default,Default,Default,Default,Default,16,3,1000,1,"1,830,640.65 ns","452,092.382 ns","236,453.058 ns","1,742,134.86 ns",7.8125,-,-,55170 B
SingleInsert,Job-PRCREG,False,Default,Default,Default,Default,Default,Default,111111111111111111111111,Empty,RyuJit,Default,X64,8c5e7fda-e8bf-4a96-9a85-a6e23a8c635c,.NET Framework 4.8.1,False,True,False,True,Default,Default,False,False,False,Default,Default,Default,Default,Default,Default,Default,Default,10,Default,Default,Default,Default,Default,Default,Default,Default,16,3,1000,4,"13,632,336.52 ns","5,875,558.767 ns","3,073,030.844 ns","13,152,921.09 ns",-,-,-,64128 B
BatchInsert,Job-PRCREG,False,Default,Default,Default,Default,Default,Default,111111111111111111111111,Empty,RyuJit,Default,X64,8c5e7fda-e8bf-4a96-9a85-a6e23a8c635c,.NET Framework 4.8.1,False,True,False,True,Default,Default,False,False,False,Default,Default,Default,Default,Default,Default,Default,Default,10,Default,Default,Default,Default,Default,Default,Default,Default,16,3,1000,4,"12,755,325.20 ns","4,724,756.974 ns","2,471,139.255 ns","11,909,939.84 ns",46.8750,-,-,301845 B
SingleSelect,Job-PRCREG,False,Default,Default,Default,Default,Default,Default,111111111111111111111111,Empty,RyuJit,Default,X64,8c5e7fda-e8bf-4a96-9a85-a6e23a8c635c,.NET Framework 4.8.1,False,True,False,True,Default,Default,False,False,False,Default,Default,Default,Default,Default,Default,Default,Default,10,Default,Default,Default,Default,Default,Default,Default,Default,16,3,1000,4,"1,437,320.46 ns","241,849.722 ns","126,492.081 ns","1,473,494.53 ns",7.8125,-,-,58976 B
SelectAll,Job-PRCREG,False,Default,Default,Default,Default,Default,Default,111111111111111111111111,Empty,RyuJit,Default,X64,8c5e7fda-e8bf-4a96-9a85-a6e23a8c635c,.NET Framework 4.8.1,False,True,False,True,Default,Default,False,False,False,Default,Default,Default,Default,Default,Default,Default,Default,10,Default,Default,Default,Default,Default,Default,Default,Default,16,3,1000,4,"2,993,327.20 ns","230,365.308 ns","120,485.510 ns","2,969,433.01 ns",324.2188,97.6563,-,2063519 B
SelectWithFilter,Job-PRCREG,False,Default,Default,Default,Default,Default,Default,111111111111111111111111,Empty,RyuJit,Default,X64,8c5e7fda-e8bf-4a96-9a85-a6e23a8c635c,.NET Framework 4.8.1,False,True,False,True,Default,Default,False,False,False,Default,Default,Default,Default,Default,Default,Default,Default,10,Default,Default,Default,Default,Default,Default,Default,Default,16,3,1000,4,"4,802,460.07 ns","1,162,531.901 ns","691,804.087 ns","4,466,108.20 ns",328.1250,97.6563,-,2072040 B
SingleUpdate,Job-PRCREG,False,Default,Default,Default,Default,Default,Default,111111111111111111111111,Empty,RyuJit,Default,X64,8c5e7fda-e8bf-4a96-9a85-a6e23a8c635c,.NET Framework 4.8.1,False,True,False,True,Default,Default,False,False,False,Default,Default,Default,Default,Default,Default,Default,Default,10,Default,Default,Default,Default,Default,Default,Default,Default,16,3,1000,4,"18,375,571.48 ns","11,426,149.934 ns","5,976,097.350 ns","17,489,721.88 ns",-,-,-,186030 B
SingleDelete,Job-PRCREG,False,Default,Default,Default,Default,Default,Default,111111111111111111111111,Empty,RyuJit,Default,X64,8c5e7fda-e8bf-4a96-9a85-a6e23a8c635c,.NET Framework 4.8.1,False,True,False,True,Default,Default,False,False,False,Default,Default,Default,Default,Default,Default,Default,Default,10,Default,Default,Default,Default,Default,Default,Default,Default,16,3,1000,4,"2,277,509.98 ns","7,672,086.425 ns","4,565,535.570 ns",24.22 ns,-,-,-,0 B
CountAll,Job-PRCREG,False,Default,Default,Default,Default,Default,Default,111111111111111111111111,Empty,RyuJit,Default,X64,8c5e7fda-e8bf-4a96-9a85-a6e23a8c635c,.NET Framework 4.8.1,False,True,False,True,Default,Default,False,False,False,Default,Default,Default,Default,Default,Default,Default,Default,10,Default,Default,Default,Default,Default,Default,Default,Default,16,3,1000,4,"2,293,030.99 ns","1,882,293.713 ns","1,120,122.796 ns","1,796,084.77 ns",7.8125,-,-,60436 B
TransactionBatchInsert,Job-PRCREG,False,Default,Default,Default,Default,Default,Default,111111111111111111111111,Empty,RyuJit,Default,X64,8c5e7fda-e8bf-4a96-9a85-a6e23a8c635c,.NET Framework 4.8.1,False,True,False,True,Default,Default,False,False,False,Default,Default,Default,Default,Default,Default,Default,Default,10,Default,Default,Default,Default,Default,Default,Default,Default,16,3,1000,4,"16,838,641.60 ns","7,986,350.114 ns","4,177,015.533 ns","16,854,868.75 ns",15.6250,-,-,109448 B
ConcurrentReads,Job-PRCREG,False,Default,Default,Default,Default,Default,Default,111111111111111111111111,Empty,RyuJit,Default,X64,8c5e7fda-e8bf-4a96-9a85-a6e23a8c635c,.NET Framework 4.8.1,False,True,False,True,Default,Default,False,False,False,Default,Default,Default,Default,Default,Default,Default,Default,10,Default,Default,Default,Default,Default,Default,Default,Default,16,3,1000,4,"178,521,652.00 ns","50,460,180.542 ns","33,376,285.132 ns","174,222,310.00 ns",13200.0000,3600.0000,-,83510920 B
ConcurrentWrites,Job-PRCREG,False,Default,Default,Default,Default,Default,Default,111111111111111111111111,Empty,RyuJit,Default,X64,8c5e7fda-e8bf-4a96-9a85-a6e23a8c635c,.NET Framework 4.8.1,False,True,False,True,Default,Default,False,False,False,Default,Default,Default,Default,Default,Default,Default,Default,10,Default,Default,Default,Default,Default,Default,Default,Default,16,3,1000,4,"312,846,416.67 ns","76,893,340.665 ns","45,757,993.645 ns","302,697,250.00 ns",-,-,-,1306624 B
ComplexQuery,Job-PRCREG,False,Default,Default,Default,Default,Default,Default,111111111111111111111111,Empty,RyuJit,Default,X64,8c5e7fda-e8bf-4a96-9a85-a6e23a8c635c,.NET Framework 4.8.1,False,True,False,True,Default,Default,False,False,False,Default,Default,Default,Default,Default,Default,Default,Default,10,Default,Default,Default,Default,Default,Default,Default,Default,16,3,1000,4,"2,361,795.39 ns","621,519.480 ns","325,066.706 ns","2,266,819.92 ns",7.8125,-,-,55171 B
SingleInsert,Job-PRCREG,False,Default,Default,Default,Default,Default,Default,111111111111111111111111,Empty,RyuJit,Default,X64,8c5e7fda-e8bf-4a96-9a85-a6e23a8c635c,.NET Framework 4.8.1,False,True,False,True,Default,Default,False,False,False,Default,Default,Default,Default,Default,Default,Default,Default,10,Default,Default,Default,Default,Default,Default,Default,Default,16,3,1000,8,"16,914,352.08 ns","11,952,644.810 ns","7,112,827.204 ns","13,477,031.25 ns",-,-,-,64512 B
BatchInsert,Job-PRCREG,False,Default,Default,Default,Default,Default,Default,111111111111111111111111,Empty,RyuJit,Default,X64,8c5e7fda-e8bf-4a96-9a85-a6e23a8c635c,.NET Framework 4.8.1,False,True,False,True,Default,Default,False,False,False,Default,Default,Default,Default,Default,Default,Default,Default,10,Default,Default,Default,Default,Default,Default,Default,Default,16,3,1000,8,"13,232,005.56 ns","1,374,945.429 ns","818,207.971 ns","12,840,909.38 ns",46.8750,-,-,301845 B
SingleSelect,Job-PRCREG,False,Default,Default,Default,Default,Default,Default,111111111111111111111111,Empty,RyuJit,Default,X64,8c5e7fda-e8bf-4a96-9a85-a6e23a8c635c,.NET Framework 4.8.1,False,True,False,True,Default,Default,False,False,False,Default,Default,Default,Default,Default,Default,Default,Default,10,Default,Default,Default,Default,Default,Default,Default,Default,16,3,1000,8,"3,621,340.08 ns","3,987,256.513 ns","2,637,323.308 ns","2,168,294.04 ns",7.8125,-,-,58978 B
SelectAll,Job-PRCREG,False,Default,Default,Default,Default,Default,Default,111111111111111111111111,Empty,RyuJit,Default,X64,8c5e7fda-e8bf-4a96-9a85-a6e23a8c635c,.NET Framework 4.8.1,False,True,False,True,Default,Default,False,False,False,Default,Default,Default,Default,Default,Default,Default,Default,10,Default,Default,Default,Default,Default,Default,Default,Default,16,3,1000,8,"3,844,350.43 ns","769,606.265 ns","457,980.344 ns","3,864,353.91 ns",324.2188,97.6563,-,2063660 B
SelectWithFilter,Job-PRCREG,False,Default,Default,Default,Default,Default,Default,111111111111111111111111,Empty,RyuJit,Default,X64,8c5e7fda-e8bf-4a96-9a85-a6e23a8c635c,.NET Framework 4.8.1,False,True,False,True,Default,Default,False,False,False,Default,Default,Default,Default,Default,Default,Default,Default,10,Default,Default,Default,Default,Default,Default,Default,Default,16,3,1000,8,"4,510,427.15 ns","305,524.038 ns","159,794.979 ns","4,481,709.18 ns",328.1250,97.6563,-,2072026 B
SingleUpdate,Job-PRCREG,False,Default,Default,Default,Default,Default,Default,111111111111111111111111,Empty,RyuJit,Default,X64,8c5e7fda-e8bf-4a96-9a85-a6e23a8c635c,.NET Framework 4.8.1,False,True,False,True,Default,Default,False,False,False,Default,Default,Default,Default,Default,Default,Default,Default,10,Default,Default,Default,Default,Default,Default,Default,Default,16,3,1000,8,"12,516,669.62 ns","1,310,079.636 ns","779,607.377 ns","12,572,217.19 ns",-,-,-,186036 B
SingleDelete,Job-PRCREG,False,Default,Default,Default,Default,Default,Default,111111111111111111111111,Empty,RyuJit,Default,X64,8c5e7fda-e8bf-4a96-9a85-a6e23a8c635c,.NET Framework 4.8.1,False,True,False,True,Default,Default,False,False,False,Default,Default,Default,Default,Default,Default,Default,Default,10,Default,Default,Default,Default,Default,Default,Default,Default,16,3,1000,8,"2,446,662.33 ns","8,306,600.378 ns","4,943,124.646 ns",39.06 ns,-,-,-,0 B
CountAll,Job-PRCREG,False,Default,Default,Default,Default,Default,Default,111111111111111111111111,Empty,RyuJit,Default,X64,8c5e7fda-e8bf-4a96-9a85-a6e23a8c635c,.NET Framework 4.8.1,False,True,False,True,Default,Default,False,False,False,Default,Default,Default,Default,Default,Default,Default,Default,10,Default,Default,Default,Default,Default,Default,Default,Default,16,3,1000,8,"1,728,303.03 ns","359,170.847 ns","187,853.298 ns","1,735,077.54 ns",7.8125,-,-,60452 B
TransactionBatchInsert,Job-PRCREG,False,Default,Default,Default,Default,Default,Default,111111111111111111111111,Empty,RyuJit,Default,X64,8c5e7fda-e8bf-4a96-9a85-a6e23a8c635c,.NET Framework 4.8.1,False,True,False,True,Default,Default,False,False,False,Default,Default,Default,Default,Default,Default,Default,Default,10,Default,Default,Default,Default,Default,Default,Default,Default,16,3,1000,8,"21,206,835.76 ns","23,074,345.711 ns","13,731,173.015 ns","15,381,218.75 ns",15.6250,-,-,109448 B
ConcurrentReads,Job-PRCREG,False,Default,Default,Default,Default,Default,Default,111111111111111111111111,Empty,RyuJit,Default,X64,8c5e7fda-e8bf-4a96-9a85-a6e23a8c635c,.NET Framework 4.8.1,False,True,False,True,Default,Default,False,False,False,Default,Default,Default,Default,Default,Default,Default,Default,10,Default,Default,Default,Default,Default,Default,Default,Default,16,3,1000,8,"208,052,533.33 ns","90,207,398.907 ns","53,680,976.144 ns","190,506,366.67 ns",26666.6667,4333.3333,1000.0000,167926691 B
ConcurrentWrites,Job-PRCREG,False,Default,Default,Default,Default,Default,Default,111111111111111111111111,Empty,RyuJit,Default,X64,8c5e7fda-e8bf-4a96-9a85-a6e23a8c635c,.NET Framework 4.8.1,False,True,False,True,Default,Default,False,False,False,Default,Default,Default,Default,Default,Default,Default,Default,10,Default,Default,Default,Default,Default,Default,Default,Default,16,3,1000,8,"638,802,300.00 ns","213,095,041.874 ns","111,452,827.284 ns","630,638,550.00 ns",-,-,-,2629632 B
ComplexQuery,Job-PRCREG,False,Default,Default,Default,Default,Default,Default,111111111111111111111111,Empty,RyuJit,Default,X64,8c5e7fda-e8bf-4a96-9a85-a6e23a8c635c,.NET Framework 4.8.1,False,True,False,True,Default,Default,False,False,False,Default,Default,Default,Default,Default,Default,Default,Default,10,Default,Default,Default,Default,Default,Default,Default,Default,16,3,1000,8,"2,223,108.62 ns","243,281.466 ns","127,240.911 ns","2,225,694.92 ns",7.8125,-,-,55171 B
SingleInsert,Job-PRCREG,False,Default,Default,Default,Default,Default,Default,111111111111111111111111,Empty,RyuJit,Default,X64,8c5e7fda-e8bf-4a96-9a85-a6e23a8c635c,.NET Framework 4.8.1,False,True,False,True,Default,Default,False,False,False,Default,Default,Default,Default,Default,Default,Default,Default,10,Default,Default,Default,Default,Default,Default,Default,Default,16,3,10000,1,"13,715,979.69 ns","5,959,944.429 ns","3,117,166.177 ns","12,177,631.25 ns",-,-,-,64256 B
BatchInsert,Job-PRCREG,False,Default,Default,Default,Default,Default,Default,111111111111111111111111,Empty,RyuJit,Default,X64,8c5e7fda-e8bf-4a96-9a85-a6e23a8c635c,.NET Framework 4.8.1,False,True,False,True,Default,Default,False,False,False,Default,Default,Default,Default,Default,Default,Default,Default,10,Default,Default,Default,Default,Default,Default,Default,Default,16,3,10000,1,"20,512,243.40 ns","23,812,031.629 ns","14,170,158.073 ns","13,605,109.38 ns",46.8750,-,-,301845 B
SingleSelect,Job-PRCREG,False,Default,Default,Default,Default,Default,Default,111111111111111111111111,Empty,RyuJit,Default,X64,8c5e7fda-e8bf-4a96-9a85-a6e23a8c635c,.NET Framework 4.8.1,False,True,False,True,Default,Default,False,False,False,Default,Default,Default,Default,Default,Default,Default,Default,10,Default,Default,Default,Default,Default,Default,Default,Default,16,3,10000,1,"1,717,100.59 ns","222,265.037 ns","116,248.912 ns","1,703,045.61 ns",7.8125,-,-,58978 B
SelectAll,Job-PRCREG,False,Default,Default,Default,Default,Default,Default,111111111111111111111111,Empty,RyuJit,Default,X64,8c5e7fda-e8bf-4a96-9a85-a6e23a8c635c,.NET Framework 4.8.1,False,True,False,True,Default,Default,False,False,False,Default,Default,Default,Default,Default,Default,Default,Default,10,Default,Default,Default,Default,Default,Default,Default,Default,16,3,10000,1,"24,987,450.00 ns","4,429,834.377 ns","2,930,061.162 ns","25,853,556.25 ns",3312.5000,531.2500,125.0000,20250920 B
SelectWithFilter,Job-PRCREG,False,Default,Default,Default,Default,Default,Default,111111111111111111111111,Empty,RyuJit,Default,X64,8c5e7fda-e8bf-4a96-9a85-a6e23a8c635c,.NET Framework 4.8.1,False,True,False,True,Default,Default,False,False,False,Default,Default,Default,Default,Default,Default,Default,Default,10,Default,Default,Default,Default,Default,Default,Default,Default,16,3,10000,1,"25,252,693.40 ns","4,938,212.195 ns","2,938,650.867 ns","26,647,243.75 ns",3375.0000,562.5000,156.2500,20264429 B
SingleUpdate,Job-PRCREG,False,Default,Default,Default,Default,Default,Default,111111111111111111111111,Empty,RyuJit,Default,X64,8c5e7fda-e8bf-4a96-9a85-a6e23a8c635c,.NET Framework 4.8.1,False,True,False,True,Default,Default,False,False,False,Default,Default,Default,Default,Default,Default,Default,Default,10,Default,Default,Default,Default,Default,Default,Default,Default,16,3,10000,1,"18,992,343.36 ns","15,227,666.374 ns","7,964,363.954 ns","14,264,321.88 ns",31.2500,-,-,257908 B
SingleDelete,Job-PRCREG,False,Default,Default,Default,Default,Default,Default,111111111111111111111111,Empty,RyuJit,Default,X64,8c5e7fda-e8bf-4a96-9a85-a6e23a8c635c,.NET Framework 4.8.1,False,True,False,True,Default,Default,False,False,False,Default,Default,Default,Default,Default,Default,Default,Default,10,Default,Default,Default,Default,Default,Default,Default,Default,16,3,10000,1,"13,298,952.34 ns","7,244,497.005 ns","3,789,012.012 ns","11,676,071.88 ns",-,-,-,54272 B
CountAll,Job-PRCREG,False,Default,Default,Default,Default,Default,Default,111111111111111111111111,Empty,RyuJit,Default,X64,8c5e7fda-e8bf-4a96-9a85-a6e23a8c635c,.NET Framework 4.8.1,False,True,False,True,Default,Default,False,False,False,Default,Default,Default,Default,Default,Default,Default,Default,10,Default,Default,Default,Default,Default,Default,Default,Default,16,3,10000,1,"1,841,016.73 ns","138,948.520 ns","82,686.036 ns","1,861,220.12 ns",7.8125,-,-,60436 B
TransactionBatchInsert,Job-PRCREG,False,Default,Default,Default,Default,Default,Default,111111111111111111111111,Empty,RyuJit,Default,X64,8c5e7fda-e8bf-4a96-9a85-a6e23a8c635c,.NET Framework 4.8.1,False,True,False,True,Default,Default,False,False,False,Default,Default,Default,Default,Default,Default,Default,Default,10,Default,Default,Default,Default,Default,Default,Default,Default,16,3,10000,1,"12,520,640.23 ns","2,462,872.311 ns","1,288,129.841 ns","12,281,375.00 ns",15.6250,-,-,109448 B
ConcurrentReads,Job-PRCREG,False,Default,Default,Default,Default,Default,Default,111111111111111111111111,Empty,RyuJit,Default,X64,8c5e7fda-e8bf-4a96-9a85-a6e23a8c635c,.NET Framework 4.8.1,False,True,False,True,Default,Default,False,False,False,Default,Default,Default,Default,Default,Default,Default,Default,10,Default,Default,Default,Default,Default,Default,Default,Default,16,3,10000,1,"247,634,644.44 ns","57,855,484.226 ns","34,428,870.649 ns","266,561,833.33 ns",33666.6667,6000.0000,1666.6667,202080861 B
ConcurrentWrites,Job-PRCREG,False,Default,Default,Default,Default,Default,Default,111111111111111111111111,Empty,RyuJit,Default,X64,8c5e7fda-e8bf-4a96-9a85-a6e23a8c635c,.NET Framework 4.8.1,False,True,False,True,Default,Default,False,False,False,Default,Default,Default,Default,Default,Default,Default,Default,10,Default,Default,Default,Default,Default,Default,Default,Default,16,3,10000,1,"83,669,935.19 ns","43,657,182.098 ns","25,979,688.796 ns","88,491,750.00 ns",-,-,-,252587 B
ComplexQuery,Job-PRCREG,False,Default,Default,Default,Default,Default,Default,111111111111111111111111,Empty,RyuJit,Default,X64,8c5e7fda-e8bf-4a96-9a85-a6e23a8c635c,.NET Framework 4.8.1,False,True,False,True,Default,Default,False,False,False,Default,Default,Default,Default,Default,Default,Default,Default,10,Default,Default,Default,Default,Default,Default,Default,Default,16,3,10000,1,"5,491,263.06 ns","1,572,737.315 ns","935,910.749 ns","5,906,351.17 ns",7.8125,-,-,55236 B
SingleInsert,Job-PRCREG,False,Default,Default,Default,Default,Default,Default,111111111111111111111111,Empty,RyuJit,Default,X64,8c5e7fda-e8bf-4a96-9a85-a6e23a8c635c,.NET Framework 4.8.1,False,True,False,True,Default,Default,False,False,False,Default,Default,Default,Default,Default,Default,Default,Default,10,Default,Default,Default,Default,Default,Default,Default,Default,16,3,10000,4,"13,329,618.06 ns","5,357,195.518 ns","3,187,981.122 ns","11,715,671.88 ns",-,-,-,64256 B
BatchInsert,Job-PRCREG,False,Default,Default,Default,Default,Default,Default,111111111111111111111111,Empty,RyuJit,Default,X64,8c5e7fda-e8bf-4a96-9a85-a6e23a8c635c,.NET Framework 4.8.1,False,True,False,True,Default,Default,False,False,False,Default,Default,Default,Default,Default,Default,Default,Default,10,Default,Default,Default,Default,Default,Default,Default,Default,16,3,10000,4,"18,397,369.10 ns","9,714,802.262 ns","5,781,122.999 ns","19,886,659.38 ns",31.2500,-,-,301842 B
SingleSelect,Job-PRCREG,False,Default,Default,Default,Default,Default,Default,111111111111111111111111,Empty,RyuJit,Default,X64,8c5e7fda-e8bf-4a96-9a85-a6e23a8c635c,.NET Framework 4.8.1,False,True,False,True,Default,Default,False,False,False,Default,Default,Default,Default,Default,Default,Default,Default,10,Default,Default,Default,Default,Default,Default,Default,Default,16,3,10000,4,"1,791,961.52 ns","359,962.284 ns","214,207.781 ns","1,765,981.05 ns",7.8125,-,-,58978 B
SelectAll,Job-PRCREG,False,Default,Default,Default,Default,Default,Default,111111111111111111111111,Empty,RyuJit,Default,X64,8c5e7fda-e8bf-4a96-9a85-a6e23a8c635c,.NET Framework 4.8.1,False,True,False,True,Default,Default,False,False,False,Default,Default,Default,Default,Default,Default,Default,Default,10,Default,Default,Default,Default,Default,Default,Default,Default,16,3,10000,4,"25,406,273.96 ns","4,362,493.829 ns","2,596,050.102 ns","25,658,278.13 ns",3312.5000,531.2500,125.0000,20250899 B
SelectWithFilter,Job-PRCREG,False,Default,Default,Default,Default,Default,Default,111111111111111111111111,Empty,RyuJit,Default,X64,8c5e7fda-e8bf-4a96-9a85-a6e23a8c635c,.NET Framework 4.8.1,False,True,False,True,Default,Default,False,False,False,Default,Default,Default,Default,Default,Default,Default,Default,10,Default,Default,Default,Default,Default,Default,Default,Default,16,3,10000,4,"24,440,847.19 ns","4,264,695.405 ns","2,820,831.957 ns","25,745,984.38 ns",3375.0000,562.5000,156.2500,20265517 B
SingleUpdate,Job-PRCREG,False,Default,Default,Default,Default,Default,Default,111111111111111111111111,Empty,RyuJit,Default,X64,8c5e7fda-e8bf-4a96-9a85-a6e23a8c635c,.NET Framework 4.8.1,False,True,False,True,Default,Default,False,False,False,Default,Default,Default,Default,Default,Default,Default,Default,10,Default,Default,Default,Default,Default,Default,Default,Default,16,3,10000,4,"29,092,935.94 ns","30,814,657.748 ns","18,337,308.552 ns","19,217,592.19 ns",31.2500,-,-,257908 B
SingleDelete,Job-PRCREG,False,Default,Default,Default,Default,Default,Default,111111111111111111111111,Empty,RyuJit,Default,X64,8c5e7fda-e8bf-4a96-9a85-a6e23a8c635c,.NET Framework 4.8.1,False,True,False,True,Default,Default,False,False,False,Default,Default,Default,Default,Default,Default,Default,Default,10,Default,Default,Default,Default,Default,Default,Default,Default,16,3,10000,4,"18,019,766.21 ns","9,466,582.552 ns","4,951,205.719 ns","18,865,874.22 ns",-,-,-,54272 B
CountAll,Job-PRCREG,False,Default,Default,Default,Default,Default,Default,111111111111111111111111,Empty,RyuJit,Default,X64,8c5e7fda-e8bf-4a96-9a85-a6e23a8c635c,.NET Framework 4.8.1,False,True,False,True,Default,Default,False,False,False,Default,Default,Default,Default,Default,Default,Default,Default,10,Default,Default,Default,Default,Default,Default,Default,Default,16,3,10000,4,"1,864,412.36 ns","210,164.964 ns","139,011.111 ns","1,814,189.55 ns",7.8125,-,-,60436 B
TransactionBatchInsert,Job-PRCREG,False,Default,Default,Default,Default,Default,Default,111111111111111111111111,Empty,RyuJit,Default,X64,8c5e7fda-e8bf-4a96-9a85-a6e23a8c635c,.NET Framework 4.8.1,False,True,False,True,Default,Default,False,False,False,Default,Default,Default,Default,Default,Default,Default,Default,10,Default,Default,Default,Default,Default,Default,Default,Default,16,3,10000,4,"17,562,679.95 ns","8,981,001.267 ns","5,344,449.797 ns","16,416,319.53 ns",15.6250,-,-,109444 B
ConcurrentReads,Job-PRCREG,False,Default,Default,Default,Default,Default,Default,111111111111111111111111,Empty,RyuJit,Default,X64,8c5e7fda-e8bf-4a96-9a85-a6e23a8c635c,.NET Framework 4.8.1,False,True,False,True,Default,Default,False,False,False,Default,Default,Default,Default,Default,Default,Default,Default,10,Default,Default,Default,Default,Default,Default,Default,Default,16,3,10000,4,"490,942,370.00 ns","121,237,159.944 ns","80,190,874.773 ns","491,117,900.00 ns",141000.0000,25000.0000,10000.0000,827867960 B
ConcurrentWrites,Job-PRCREG,False,Default,Default,Default,Default,Default,Default,111111111111111111111111,Empty,RyuJit,Default,X64,8c5e7fda-e8bf-4a96-9a85-a6e23a8c635c,.NET Framework 4.8.1,False,True,False,True,Default,Default,False,False,False,Default,Default,Default,Default,Default,Default,Default,Default,10,Default,Default,Default,Default,Default,Default,Default,Default,16,3,10000,4,"364,837,877.78 ns","68,732,277.481 ns","40,901,475.849 ns","383,714,900.00 ns",-,-,-,1306624 B
ComplexQuery,Job-PRCREG,False,Default,Default,Default,Default,Default,Default,111111111111111111111111,Empty,RyuJit,Default,X64,8c5e7fda-e8bf-4a96-9a85-a6e23a8c635c,.NET Framework 4.8.1,False,True,False,True,Default,Default,False,False,False,Default,Default,Default,Default,Default,Default,Default,Default,10,Default,Default,Default,Default,Default,Default,Default,Default,16,3,10000,4,"5,679,067.58 ns","1,379,822.118 ns","721,673.648 ns","5,967,729.30 ns",7.8125,-,-,55236 B
SingleInsert,Job-PRCREG,False,Default,Default,Default,Default,Default,Default,111111111111111111111111,Empty,RyuJit,Default,X64,8c5e7fda-e8bf-4a96-9a85-a6e23a8c635c,.NET Framework 4.8.1,False,True,False,True,Default,Default,False,False,False,Default,Default,Default,Default,Default,Default,Default,Default,10,Default,Default,Default,Default,Default,Default,Default,Default,16,3,10000,8,"18,182,453.44 ns","6,584,564.649 ns","4,355,281.825 ns","20,047,334.38 ns",-,-,-,64256 B
BatchInsert,Job-PRCREG,False,Default,Default,Default,Default,Default,Default,111111111111111111111111,Empty,RyuJit,Default,X64,8c5e7fda-e8bf-4a96-9a85-a6e23a8c635c,.NET Framework 4.8.1,False,True,False,True,Default,Default,False,False,False,Default,Default,Default,Default,Default,Default,Default,Default,10,Default,Default,Default,Default,Default,Default,Default,Default,16,3,10000,8,"12,927,874.65 ns","951,789.725 ns","566,394.799 ns","13,160,193.75 ns",31.2500,-,-,301842 B
SingleSelect,Job-PRCREG,False,Default,Default,Default,Default,Default,Default,111111111111111111111111,Empty,RyuJit,Default,X64,8c5e7fda-e8bf-4a96-9a85-a6e23a8c635c,.NET Framework 4.8.1,False,True,False,True,Default,Default,False,False,False,Default,Default,Default,Default,Default,Default,Default,Default,10,Default,Default,Default,Default,Default,Default,Default,Default,16,3,10000,8,"1,863,862.67 ns","249,872.565 ns","130,688.183 ns","1,914,482.81 ns",7.8125,-,-,58978 B
SelectAll,Job-PRCREG,False,Default,Default,Default,Default,Default,Default,111111111111111111111111,Empty,RyuJit,Default,X64,8c5e7fda-e8bf-4a96-9a85-a6e23a8c635c,.NET Framework 4.8.1,False,True,False,True,Default,Default,False,False,False,Default,Default,Default,Default,Default,Default,Default,Default,10,Default,Default,Default,Default,Default,Default,Default,Default,16,3,10000,8,"24,292,065.63 ns","4,913,614.458 ns","2,924,013.149 ns","25,738,268.75 ns",3312.5000,531.2500,125.0000,20250553 B
SelectWithFilter,Job-PRCREG,False,Default,Default,Default,Default,Default,Default,111111111111111111111111,Empty,RyuJit,Default,X64,8c5e7fda-e8bf-4a96-9a85-a6e23a8c635c,.NET Framework 4.8.1,False,True,False,True,Default,Default,False,False,False,Default,Default,Default,Default,Default,Default,Default,Default,10,Default,Default,Default,Default,Default,Default,Default,Default,16,3,10000,8,"24,872,617.81 ns","5,630,789.819 ns","3,724,418.829 ns","25,586,525.00 ns",3375.0000,562.5000,156.2500,20266004 B
SingleUpdate,Job-PRCREG,False,Default,Default,Default,Default,Default,Default,111111111111111111111111,Empty,RyuJit,Default,X64,8c5e7fda-e8bf-4a96-9a85-a6e23a8c635c,.NET Framework 4.8.1,False,True,False,True,Default,Default,False,False,False,Default,Default,Default,Default,Default,Default,Default,Default,10,Default,Default,Default,Default,Default,Default,Default,Default,16,3,10000,8,"36,136,748.13 ns","40,877,711.481 ns","27,038,075.157 ns","22,498,462.50 ns",31.2500,-,-,257908 B
SingleDelete,Job-PRCREG,False,Default,Default,Default,Default,Default,Default,111111111111111111111111,Empty,RyuJit,Default,X64,8c5e7fda-e8bf-4a96-9a85-a6e23a8c635c,.NET Framework 4.8.1,False,True,False,True,Default,Default,False,False,False,Default,Default,Default,Default,Default,Default,Default,Default,10,Default,Default,Default,Default,Default,Default,Default,Default,16,3,10000,8,"19,448,652.78 ns","14,547,216.589 ns","8,656,815.252 ns","17,136,310.94 ns",-,-,-,54272 B
CountAll,Job-PRCREG,False,Default,Default,Default,Default,Default,Default,111111111111111111111111,Empty,RyuJit,Default,X64,8c5e7fda-e8bf-4a96-9a85-a6e23a8c635c,.NET Framework 4.8.1,False,True,False,True,Default,Default,False,False,False,Default,Default,Default,Default,Default,Default,Default,Default,10,Default,Default,Default,Default,Default,Default,Default,Default,16,3,10000,8,"1,863,581.02 ns","212,999.932 ns","126,752.843 ns","1,868,656.15 ns",7.8125,-,-,60436 B
TransactionBatchInsert,Job-PRCREG,False,Default,Default,Default,Default,Default,Default,111111111111111111111111,Empty,RyuJit,Default,X64,8c5e7fda-e8bf-4a96-9a85-a6e23a8c635c,.NET Framework 4.8.1,False,True,False,True,Default,Default,False,False,False,Default,Default,Default,Default,Default,Default,Default,Default,10,Default,Default,Default,Default,Default,Default,Default,Default,16,3,10000,8,"17,105,634.69 ns","10,564,727.323 ns","6,987,912.997 ns","13,168,592.19 ns",-,-,-,109568 B
ConcurrentReads,Job-PRCREG,False,Default,Default,Default,Default,Default,Default,111111111111111111111111,Empty,RyuJit,Default,X64,8c5e7fda-e8bf-4a96-9a85-a6e23a8c635c,.NET Framework 4.8.1,False,True,False,True,Default,Default,False,False,False,Default,Default,Default,Default,Default,Default,Default,Default,10,Default,Default,Default,Default,Default,Default,Default,Default,16,3,10000,8,"877,432,470.00 ns","74,285,243.716 ns","49,135,089.267 ns","864,663,450.00 ns",282000.0000,65000.0000,19000.0000,1659177808 B
ConcurrentWrites,Job-PRCREG,False,Default,Default,Default,Default,Default,Default,111111111111111111111111,Empty,RyuJit,Default,X64,8c5e7fda-e8bf-4a96-9a85-a6e23a8c635c,.NET Framework 4.8.1,False,True,False,True,Default,Default,False,False,False,Default,Default,Default,Default,Default,Default,Default,Default,10,Default,Default,Default,Default,Default,Default,Default,Default,16,3,10000,8,"654,804,930.00 ns","200,190,923.294 ns","132,413,900.722 ns","675,255,900.00 ns",-,-,-,2547712 B
ComplexQuery,Job-PRCREG,False,Default,Default,Default,Default,Default,Default,111111111111111111111111,Empty,RyuJit,Default,X64,8c5e7fda-e8bf-4a96-9a85-a6e23a8c635c,.NET Framework 4.8.1,False,True,False,True,Default,Default,False,False,False,Default,Default,Default,Default,Default,Default,Default,Default,10,Default,Default,Default,Default,Default,Default,Default,Default,16,3,10000,8,"5,374,490.71 ns","1,504,997.592 ns","895,599.926 ns","5,711,322.66 ns",7.8125,-,-,55236 B
